,0
0,High
1,Private
2,Private
3,international
4,back
5,original
6,different
7,then
8,onward
9,too
10,however
11,initially
12,such
13,still
14,initially
15,most
16,direct
17,obvious
18,just
19,just
20,onward
21,additional
22,highest
23,fair
24,at
25,all
26,however
27,initial
28,great
29,more
30,overall
31,more
32,expert
33,absolute
34,top
35,Final
36,above
37,really
38,easy
39,able
40,direct
41,therefore
42,quickly
43,whatsoever
44,able
45,good
46,defunct
47,therefore
48,maybe
49,online
50,able
51,back
52,early
53,about
54,very
55,little
56,decent
57,reasonably
58,quickly
59,decent
60,too
61,slightly
62,ahead
63,able
64,just
65,Unfortunately
66,too
67,long
68,separate
69,no
70,sooner
71,then
72,now
73,boarding
74,so
75,just
76,straight
77,there
78,decent
79,enough
80,good
81,free
82,as
83,well
84,small
85,very
86,small
87,much
88,wise
89,other
90,too
91,decent
92,soft
93,short
94,hence
95,straight
96,though
97,almost
98,late
99,very
100,basic
101,better
102,even
103,so
104,due
105,Slight
106,just
107,just
108,free
109,all
110,quite
111,structured
112,too
113,full
114,actually
115,old
116,first
117,easily
118,other
119,there
120,key
121,below
122,front
123,once
124,overhead
125,welcome
126,fluffiest
127,hot
128,ever
129,Again
130,decent
131,overhead
132,old
133,so
134,clearly
135,still
136,comfortable
137,decent
138,small
139,additional
140,small
141,middle
142,very
143,useful
144,mini
145,right
146,literally
147,just
148,enough
149,front
150,back
151,comfortable
152,eventually
153,previous
154,Surprisingly
155,relatively
156,short
157,just
158,1hr
159,light
160,full
161,able
162,online
163,vegetarian
164,already
165,Good
166,too
167,soft
168,as
169,well
170,full
171,alcoholic
172,well
173,white
174,red
175,light
176,soon
177,beautifully
178,crisp
179,white
180,really
181,nicely
182,decent
183,just
184,enough
185,short
186,excellent
187,light
188,slightly
189,more
190,extensive
191,first
192,assorted
193,main
194,Again
195,same
196,extensive
197,too
198,just
199,good
200,quite
201,able
202,only
203,other
204,great
205,though
206,very
207,dated
208,remotely
209,blockbuster
210,new
211,However
212,complete
213,asleep
214,through
215,Romantic
216,second
217,either
218,so
219,pleasantly
220,surprised
221,here
222,just
223,few
224,great
225,very
226,generous
227,full
228,really
229,great
230,Private
231,improvement)Whenever
232,always
233,sometimes
234,always
235,personal
236,better
237,aware
238,here
239,much
240,much
241,better
242,even
243,just
244,best
245,clearly
246,very
247,prevalent
248,all
249,very
250,pleasant
251,professional
252,high
253,very
254,pleasantly
255,surprised
256,final
257,very
258,low
259,particularly
260,worried
261,decent
262,otherwise
263,especially
264,there
265,only
266,about
267,ever
268,so
269,next
270,more
271,recently
272,seasonal
273,direct
274,stunning
275,always
276,especially
277,new
278,More
279,First
280,obvious
281,only
282,only
283,full
284,also
285,now
286,perfect
287,More
288,international
289,back
290,original
291,different
292,then
293,onward
294,too
295,however
296,initially
297,such
298,still
299,initially
300,More
301,Private
302,Best
303,First
304,First
305,Next
306,independent
